{"count":1,"gauges":{},"self":164.2773632,"total":461.35503059999996,"children":{"AgentResetIfDone":{"count":227767,"self":1.9241811999999998,"total":1.9241811999999998,"children":null},"AgentSendState":{"count":227767,"self":1.6511803999999999,"total":1.7872831,"children":{"CollectObservations":{"count":37962,"self":0.1361027,"total":0.1361027,"children":null}}},"DecideAction":{"count":227767,"self":245.28824319999998,"total":291.0114321,"children":{"AgentInfo.ToProto":{"count":37962,"self":1.3134443,"total":45.723178399999995,"children":{"CameraSensor.GetCompressedObservation":{"count":37962,"self":44.4097344,"total":44.4097341,"children":null}}}}},"AcademyStep":{"count":227767,"self":0.6625743,"total":0.6625743,"children":null},"AgentAct":{"count":227767,"self":1.690194,"total":1.6901939,"children":null}}}