{"count":1,"gauges":{},"self":43.5806816,"total":45.0001064,"children":{"AgentResetIfDone":{"count":2220,"self":0.0044446,"total":0.0044446,"children":null},"AgentSendState":{"count":2220,"self":0.0040133,"total":0.0060161999999999993,"children":{"CollectObservations":{"count":370,"self":0.0020028999999999997,"total":0.0020028999999999997,"children":null}}},"DecideAction":{"count":2220,"self":0.87435509999999994,"total":1.3919538,"children":{"CameraSensor.WriteToTensor":{"count":370,"self":0.5175987,"total":0.5175987,"children":null}}},"AcademyStep":{"count":2220,"self":0.0030023999999999997,"total":0.0030023999999999997,"children":null},"AgentAct":{"count":2220,"self":0.0120057,"total":0.0120057,"children":null}}}